Metric;Score
MAP;0.05512313659596219
MRR;0.00016937752549851435
